<?xml version="1.0" encoding="UTF-8"?>
<project-private xmlns="http://www.netbeans.org/ns/project-private/1">
    <editor-bookmarks xmlns="http://www.netbeans.org/ns/editor-bookmarks/2" lastBookmarkId="0"/>
    <open-files xmlns="http://www.netbeans.org/ns/projectui-open-files/2">
        <group>
            <file>file:/C:/Users/bypau/OneDrive/Documents/NetBeansProjects/ExercicisJavaVolum2/src/Exercici20.java</file>
            <file>file:/C:/Users/bypau/OneDrive/Documents/NetBeansProjects/ExercicisJavaVolum2/src/Excercici21.java</file>
            <file>file:/C:/Users/bypau/OneDrive/Documents/NetBeansProjects/ExercicisJavaVolum2/src/Exercici23.java</file>
            <file>file:/C:/Users/bypau/OneDrive/Documents/NetBeansProjects/ExercicisJavaVolum2/src/Exercici24.java</file>
            <file>file:/C:/Users/bypau/OneDrive/Documents/NetBeansProjects/ExercicisJavaVolum2/src/Exercici25.java</file>
            <file>file:/C:/Users/bypau/OneDrive/Documents/NetBeansProjects/ExercicisJavaVolum2/src/Exercici27a.java</file>
            <file>file:/C:/Users/bypau/OneDrive/Documents/NetBeansProjects/ExercicisJavaVolum2/src/Exercici27b.java</file>
        </group>
    </open-files>
</project-private>
