<?xml version="1.0" encoding="UTF-8"?>
<project-private xmlns="http://www.netbeans.org/ns/project-private/1">
    <editor-bookmarks xmlns="http://www.netbeans.org/ns/editor-bookmarks/2" lastBookmarkId="0"/>
    <open-files xmlns="http://www.netbeans.org/ns/projectui-open-files/2">
        <group>
            <file>file:/C:/Users/bypau/OneDrive/Documents/NetBeansProjects/SWPROTema2/src/Exercici12.java</file>
            <file>file:/C:/Users/bypau/OneDrive/Documents/NetBeansProjects/SWPROTema2/src/Exercici14.java</file>
            <file>file:/C:/Users/bypau/OneDrive/Documents/NetBeansProjects/SWPROTema2/src/Exercici15.java</file>
            <file>file:/C:/Users/bypau/OneDrive/Documents/NetBeansProjects/SWPROTema2/src/Exercici16.java</file>
            <file>file:/C:/Users/bypau/OneDrive/Documents/NetBeansProjects/SWPROTema2/src/Exercici17.java</file>
            <file>file:/C:/Users/bypau/OneDrive/Documents/NetBeansProjects/SWPROTema2/src/Exercici18.java</file>
            <file>file:/C:/Users/bypau/OneDrive/Documents/NetBeansProjects/SWPROTema2/src/Exercici19.java</file>
            <file>file:/C:/Users/bypau/OneDrive/Documents/NetBeansProjects/SWPROTema2/src/volum4/Exercici32.java</file>
            <file>file:/C:/Users/bypau/OneDrive/Documents/NetBeansProjects/SWPROTema2/src/volum4/Exercici33.java</file>
            <file>file:/C:/Users/bypau/OneDrive/Documents/NetBeansProjects/SWPROTema2/src/volum4/Exercici34.java</file>
            <file>file:/C:/Users/bypau/OneDrive/Documents/NetBeansProjects/SWPROTema2/src/volum4/Exercici35.java</file>
            <file>file:/C:/Users/bypau/OneDrive/Documents/NetBeansProjects/SWPROTema2/src/volum4/Exercici36.java</file>
            <file>file:/C:/Users/bypau/OneDrive/Documents/NetBeansProjects/SWPROTema2/src/volum4/Exercici37.java</file>
            <file>file:/C:/Users/bypau/OneDrive/Documents/NetBeansProjects/SWPROTema2/src/volum4/Exercici38.java</file>
            <file>file:/C:/Users/bypau/OneDrive/Documents/NetBeansProjects/SWPROTema2/src/Exercici5.java</file>
        </group>
    </open-files>
</project-private>
