<?xml version="1.0" encoding="UTF-8"?>
<project-private xmlns="http://www.netbeans.org/ns/project-private/1">
    <editor-bookmarks xmlns="http://www.netbeans.org/ns/editor-bookmarks/2" lastBookmarkId="0"/>
    <open-files xmlns="http://www.netbeans.org/ns/projectui-open-files/2">
        <group>
            <file>file:/C:/Users/bypau/OneDrive/Documents/NetBeansProjects/SWPROTema3/src/exercicis/Exercici5.java</file>
            <file>file:/C:/Users/bypau/OneDrive/Documents/NetBeansProjects/SWPROTema3/src/exercicis/Exercici3.java</file>
            <file>file:/C:/Users/bypau/OneDrive/Documents/NetBeansProjects/SWPROTema3/src/exercicis/Exercici6.java</file>
            <file>file:/C:/Users/bypau/OneDrive/Documents/NetBeansProjects/SWPROTema3/src/exercicis/Exercici4.java</file>
            <file>file:/C:/Users/bypau/OneDrive/Documents/NetBeansProjects/SWPROTema3/src/exercicis/Exercici7.java</file>
            <file>file:/C:/Users/bypau/OneDrive/Documents/NetBeansProjects/SWPROTema3/src/utilitats/UtilitatsConsola.java</file>
            <file>file:/C:/Users/bypau/OneDrive/Documents/NetBeansProjects/SWPROTema3/src/exercicis/Exercici8.java</file>
        </group>
    </open-files>
</project-private>
